repoAlias,commit,cached,path,TestCaseId
test-layouts,c6c5068650d944749fc4fc9530625ef77449b0b2,true,,TC-122_01
test-layouts,aed2d2cb80e1c2109b2a02c7f64b1abf71e49742,no_value,pks-dir,TC-122_02
test-layouts,c6c5068650d944749fc4fc9530625ef77449b0b2,false,,TC-122_03
test-layouts,09666e2897cfd2df160a8cf5cbd001f1b454e464,true,new-dir,TC-122_04
test-layouts,aed2d2cb80e1c2109b2a02c7f64b1abf71e49742,true,test-dir,TC-122_05
test-layouts,c6c5068650d944749fc4fc9530625ef77449b0b2,true,test-dir,TC-122_06
test-layouts,aed2d2cb80e1c2109b2a02c7f64b1abf71e49742,false,,TC-122_07
test-layouts,d53c316c1e0169a6884e8981377aa22ee24164a1,false,pks-dir,TC-122_08
test-layouts,aed2d2cb80e1c2109b2a02c7f64b1abf71e49742,false,new-dir,TC-122_09
test-layouts,,true,new-dir,TC-122_10
test-layouts,377b781f31edcc137616f45a11b31d95c290dbbb,true,,TC-122_11
test-layouts,09666e2897cfd2df160a8cf5cbd001f1b454e464,true,pks-dir,TC-122_12
test-layouts,ee7fe0f23e6ef3b8ec0043b25355184a7948d9b5,false,,TC-122_13
test-layouts,d53c316c1e0169a6884e8981377aa22ee24164a1,true,pks-dir,TC-122_14
test-layouts,ee7fe0f23e6ef3b8ec0043b25355184a7948d9b5,false,test-dir,TC-122_15
test-layouts,09666e2897cfd2df160a8cf5cbd001f1b454e464,false,test-dir,TC-122_16
test-layouts,,false,,TC-122_17